{
  "background":[
    1.0,
    1.0,
    1.0
  ],
  "polygons":[
    [
      0.5568627450980392,
      0.792156862745098,
      0.9019607843137255
    ],
    [
      0.12941176470588237,
      0.6196078431372549,
      0.7372549019607844
    ],
    [
      0.00784313725490196,
      0.18823529411764706,
      0.2784313725490196
    ],
    [
      1.0,
      0.7176470588235294,
      0.011764705882352941
    ],
    [
      0.984313725490196,
      0.5215686274509804,
      0.0
    ]
  ]
}