{
  "background":[
    1.0,
    0.98,
    0.98
  ],
  "polygons":[
    [
      0.24705882352941178,
      0.7568627450980392,
      0.7529411764705882
    ],
    [
      0.12549019607843137,
      0.7294117647058823,
      0.7725490196078432
    ],
    [
      0.0,
      0.6980392156862745,
      0.792156862745098
    ],
    [
      0.01568627450980392,
      0.6509803921568628,
      0.7607843137254902
    ],
    [
      0.03137254901960784,
      0.6,
      0.7294117647058823
    ],
    [
      0.058823529411764705,
      0.5019607843137255,
      0.6666666666666666
    ],
    [
      0.08627450980392157,
      0.403921568627451,
      0.6039215686274509
    ],
    [
      0.10196078431372549,
      0.3568627450980392,
      0.5725490196078431
    ],
    [
      0.10980392156862745,
      0.3333333333333333,
      0.5568627450980392
    ],
    [
      0.11372549019607843,
      0.3058823529411765,
      0.5372549019607843
    ]
  ]
}